,stimFile,n,instru_all_trials.started_mean,instru_all_trials.started_raw,instru_all_trials.started_std,instru_all_trials.stopped_raw,instru_trial.started_mean,instru_trial.started_raw,instru_trial.started_std,instru_trial.stopped_raw,resp_all_trials.keys_raw,resp_all_trials.rt_mean,resp_all_trials.rt_raw,resp_all_trials.rt_std,resp_all_trials.started_mean,resp_all_trials.started_raw,resp_all_trials.started_std,resp_all_trials.stopped_raw,slider_w_1.response_mean,slider_w_1.response_raw,slider_w_1.rt_mean,slider_w_1.rt_raw,slider_w_1.rt_std,slider_w_1.started_mean,slider_w_1.started_raw,slider_w_1.started_std,slider_w_1.stopped_raw,word_1.started_mean,word_1.started_raw,word_1.stopped_raw,order
0,stimuli_Aslin/pabiku_finalx2.wav,1.0,251.47987365722656,251.47987365722656,0.0,,255.09620666503906,255.09620666503906,0.0,,'space',1.5413752794265747,1.5413752794265747,0.0,251.47987365722656,251.47987365722656,0.0,,1.014109347442681,1.014109347442681,2.844467878341675,2.844467878341675,0.0,255.09620666503906,255.09620666503906,0.0,,253.59612904725367,253.59612904725367,,2.0
1,stimuli_Aslin/tibudo_finalx2.wav,1.0,244.9470672607422,244.9470672607422,0.0,,249.33010864257812,249.33010864257812,0.0,,'space',2.2104320526123047,2.2104320526123047,0.0,244.9470672607422,244.9470672607422,0.0,,3.0141093474426808,3.0141093474426808,4.102884769439697,4.102884769439697,0.0,249.33010864257812,249.33010864257812,0.0,,247.82994199472228,247.82994199472228,,1.0
2,stimuli_Aslin/pigola_final.wav,1.0,255.9794921875,255.9794921875,0.0,,259.51251220703125,259.51251220703125,0.0,,'space',1.4975477457046509,1.4975477457046509,0.0,255.9794921875,255.9794921875,0.0,,4.033509700176367,4.033509700176367,4.33636999130249,4.33636999130249,0.0,259.51251220703125,259.51251220703125,0.0,,258.01239751123074,258.01239751123074,,3.0
3,stimuli_Aslin/tudaro_final.wav,1.0,230.74847412109375,230.74847412109375,0.0,,239.41421508789062,239.41421508789062,0.0,,'space',6.513490200042725,6.513490200042725,0.0,230.74847412109375,230.74847412109375,0.0,,1.0,1,7.536861896514893,7.536861896514893,0.0,239.41421508789062,239.41421508789062,0.0,,237.88077237939365,237.88077237939365,,0.0
4,extraInfo,,,,,,,,,,,,,,,,,,,,,,,,,,,,,,
