,stimFile,n,instru_all_trials.started_mean,instru_all_trials.started_raw,instru_all_trials.started_std,instru_all_trials.stopped_raw,instru_trial.started_mean,instru_trial.started_raw,instru_trial.started_std,instru_trial.stopped_raw,resp_all_trials.keys_raw,resp_all_trials.rt_mean,resp_all_trials.rt_raw,resp_all_trials.rt_std,resp_all_trials.started_mean,resp_all_trials.started_raw,resp_all_trials.started_std,resp_all_trials.stopped_raw,slider_w_1.response_mean,slider_w_1.response_raw,slider_w_1.rt_mean,slider_w_1.rt_raw,slider_w_1.rt_std,slider_w_1.started_mean,slider_w_1.started_raw,slider_w_1.started_std,slider_w_1.stopped_raw,word_1.started_mean,word_1.started_raw,word_1.stopped_raw,order
0,stimuli_Aslin/pabiku_finalx2.wav,1.0,275.8362731933594,275.8362731933594,0.0,,280.9190979003906,280.9190979003906,0.0,,'pagedown',3.0673155784606934,3.0673155784606934,0.0,275.8362731933594,275.8362731933594,0.0,,1.017636684303351,1.017636684303351,3.4280757904052734,3.4280757904052734,0.0,280.9190979003906,280.9190979003906,0.0,,279.4192530519878,279.4192530519878,,1.0
1,stimuli_Aslin/tibudo_finalx2.wav,1.0,256.9548034667969,256.9548034667969,0.0,,267.2871398925781,267.2871398925781,0.0,,'return',8.325467109680176,8.325467109680176,0.0,256.9548034667969,256.9548034667969,0.0,,1.017636684303351,1.017636684303351,10.511542320251465,10.511542320251465,0.0,267.2871398925781,267.2871398925781,0.0,,265.78726588447824,265.78726588447824,,0.0
2,stimuli_Aslin/pigola_final.wav,1.0,293.1012268066406,293.1012268066406,0.0,,296.2342529296875,296.2342529296875,0.0,,'return',1.1293113231658936,1.1293113231658936,0.0,293.1012268066406,293.1012268066406,0.0,,1.9805996472663139,1.9805996472663139,5.4956440925598145,5.4956440925598145,0.0,296.2342529296875,296.2342529296875,0.0,,294.7344106463299,294.7344106463299,,3.0
3,stimuli_Aslin/tudaro_final.wav,1.0,282.3855895996094,282.3855895996094,0.0,,286.0685729980469,286.0685729980469,0.0,,'return',1.6775529384613037,1.6775529384613037,0.0,282.3855895996094,282.3855895996094,0.0,,1.017636684303351,1.017636684303351,8.995187759399414,8.995187759399414,0.0,286.0685729980469,286.0685729980469,0.0,,284.56873109817224,284.56873109817224,,2.0
4,extraInfo,,,,,,,,,,,,,,,,,,,,,,,,,,,,,,
