,stimFile,n,instru_all_trials.started_mean,instru_all_trials.started_raw,instru_all_trials.started_std,instru_all_trials.stopped_raw,instru_trial.started_mean,instru_trial.started_raw,instru_trial.started_std,instru_trial.stopped_raw,resp_all_trials.keys_raw,resp_all_trials.rt_mean,resp_all_trials.rt_raw,resp_all_trials.rt_std,resp_all_trials.started_mean,resp_all_trials.started_raw,resp_all_trials.started_std,resp_all_trials.stopped_raw,slider_w_1.response_mean,slider_w_1.response_raw,slider_w_1.rt_mean,slider_w_1.rt_raw,slider_w_1.rt_std,slider_w_1.started_mean,slider_w_1.started_raw,slider_w_1.started_std,slider_w_1.stopped_raw,word_1.started_mean,word_1.started_raw,word_1.stopped_raw,order
0,stimuli_Aslin/pabiku_finalx2.wav,1.0,276.6961669921875,276.6961669921875,0.0,,280.59576416015625,280.59576416015625,0.0,,'space',1.7925865650177002,1.7925865650177002,0.0,276.6961669921875,276.6961669921875,0.0,,1.0,1,2.8090155124664307,2.8090155124664307,0.0,280.59576416015625,280.59576416015625,0.0,,279.0956442955026,279.0956442955026,,3.0
1,stimuli_Aslin/tibudo_finalx2.wav,1.0,267.5970764160156,267.5970764160156,0.0,,271.080078125,271.080078125,0.0,,'space',1.4602696895599365,1.4602696895599365,0.0,267.5970764160156,267.5970764160156,0.0,,1.0,1,3.018744945526123,3.018744945526123,0.0,271.080078125,271.080078125,0.0,,269.57997184298364,269.57997184298364,,1.0
2,stimuli_Aslin/pigola_final.wav,1.0,272.1299743652344,272.1299743652344,0.0,,275.5129089355469,275.5129089355469,0.0,,'space',1.343094825744629,1.343094825744629,0.0,272.1299743652344,272.1299743652344,0.0,,4.9753086419753085,4.9753086419753085,3.1572463512420654,3.1572463512420654,0.0,275.5129089355469,275.5129089355469,0.0,,274.01286725542445,274.01286725542445,,2.0
3,stimuli_Aslin/tudaro_final.wav,1.0,251.74867248535156,251.74867248535156,0.0,,262.7475891113281,262.7475891113281,0.0,,'space',8.941234588623047,8.941234588623047,0.0,251.74867248535156,251.74867248535156,0.0,,5.0,5.0,6.815421104431152,6.815421104431152,0.0,262.7475891113281,262.7475891113281,0.0,,261.2474805839442,261.2474805839442,,0.0
4,extraInfo,,,,,,,,,,,,,,,,,,,,,,,,,,,,,,
