,stimFile,n,instru_all_trials.started_mean,instru_all_trials.started_raw,instru_all_trials.started_std,instru_all_trials.stopped_raw,instru_trial.started_mean,instru_trial.started_raw,instru_trial.started_std,instru_trial.stopped_raw,resp_all_trials.keys_raw,resp_all_trials.rt_mean,resp_all_trials.rt_raw,resp_all_trials.rt_std,resp_all_trials.started_mean,resp_all_trials.started_raw,resp_all_trials.started_std,resp_all_trials.stopped_raw,slider_w_1.response_mean,slider_w_1.response_raw,slider_w_1.rt_mean,slider_w_1.rt_raw,slider_w_1.rt_std,slider_w_1.started_mean,slider_w_1.started_raw,slider_w_1.started_std,slider_w_1.stopped_raw,word_1.started_mean,word_1.started_raw,word_1.stopped_raw,order
0,stimuli_Aslin/pabiku_finalx2.wav,1.0,291.0309753417969,291.0309753417969,0.0,,297.38037109375,297.38037109375,0.0,,'space',4.33660364151001,4.33660364151001,0.0,291.0309753417969,291.0309753417969,0.0,,1.0,1.0,4.178039073944092,4.178039073944092,0.0,297.38037109375,297.38037109375,0.0,,295.880513279951,295.880513279951,,3.0
1,stimuli_Aslin/tibudo_finalx2.wav,1.0,282.2985534667969,282.2985534667969,0.0,,285.4815368652344,285.4815368652344,0.0,,'space',1.1817636489868164,1.1817636489868164,0.0,282.2985534667969,282.2985534667969,0.0,,1.0246913580246915,1.0246913580246915,7.511610507965088,7.511610507965088,0.0,285.4815368652344,285.4815368652344,0.0,,283.9817276116549,283.9817276116549,,2.0
2,stimuli_Aslin/pigola_final.wav,1.0,235.70330810546875,235.70330810546875,0.0,,247.6687469482422,247.6687469482422,0.0,,'space',9.955389976501465,9.955389976501465,0.0,235.70330810546875,235.70330810546875,0.0,,1.613756613756614,1.613756613756614,12.094675064086914,12.094675064086914,0.0,247.6687469482422,247.6687469482422,0.0,,246.16888030883302,246.16888030883302,,0.0
3,stimuli_Aslin/tudaro_final.wav,1.0,257.801025390625,257.801025390625,0.0,,272.4495544433594,272.4495544433594,0.0,,'space',12.648116111755371,12.648116111755371,0.0,257.801025390625,257.801025390625,0.0,,1.0,1,11.811491966247559,11.811491966247559,0.0,272.4495544433594,272.4495544433594,0.0,,270.94969900547886,270.94969900547886,,1.0
4,extraInfo,,,,,,,,,,,,,,,,,,,,,,,,,,,,,,
