,stimFile,n,instru_all_trials.started_mean,instru_all_trials.started_raw,instru_all_trials.started_std,instru_all_trials.stopped_raw,instru_trial.started_mean,instru_trial.started_raw,instru_trial.started_std,instru_trial.stopped_raw,resp_all_trials.keys_raw,resp_all_trials.rt_mean,resp_all_trials.rt_raw,resp_all_trials.rt_std,resp_all_trials.started_mean,resp_all_trials.started_raw,resp_all_trials.started_std,resp_all_trials.stopped_raw,slider_w_1.response_mean,slider_w_1.response_raw,slider_w_1.rt_mean,slider_w_1.rt_raw,slider_w_1.rt_std,slider_w_1.started_mean,slider_w_1.started_raw,slider_w_1.started_std,slider_w_1.stopped_raw,word_1.started_mean,word_1.started_raw,word_1.stopped_raw,order
0,stimuli_Aslin/pabiku_finalx2.wav,1.0,272.1407470703125,272.1407470703125,0.0,,277.740234375,277.740234375,0.0,,'return',3.5674283504486084,3.5674283504486084,0.0,272.1407470703125,272.1407470703125,0.0,,4.943562610229277,4.943562610229277,3.1224634647369385,3.1224634647369385,0.0,277.740234375,277.740234375,0.0,,276.2400973967664,276.2400973967664,,1.0
1,stimuli_Aslin/tibudo_finalx2.wav,1.0,258.8920593261719,258.8920593261719,0.0,,267.1079406738281,267.1079406738281,0.0,,'space',6.19272518157959,6.19272518157959,0.0,258.8920593261719,258.8920593261719,0.0,,4.019400352733686,4.019400352733686,7.000297546386719,7.000297546386719,0.0,267.1079406738281,267.1079406738281,0.0,,265.607878404065,265.607878404065,,0.0
2,stimuli_Aslin/pigola_final.wav,1.0,278.8901062011719,278.8901062011719,0.0,,283.08966064453125,283.08966064453125,0.0,,'return',2.153738021850586,2.153738021850586,0.0,278.8901062011719,278.8901062011719,0.0,,2.8589065255731922,2.8589065255731922,2.941643238067627,2.941643238067627,0.0,283.08966064453125,283.08966064453125,0.0,,281.5895584786589,281.5895584786589,,2.0
3,stimuli_Aslin/tudaro_final.wav,1.0,284.0562438964844,284.0562438964844,0.0,,287.2892761230469,287.2892761230469,0.0,,'return',1.2113418579101562,1.2113418579101562,0.0,284.0562438964844,284.0562438964844,0.0,,3.2962962962962963,3.2962962962962963,2.955094814300537,2.955094814300537,0.0,287.2892761230469,287.2892761230469,0.0,,285.7891376314168,285.7891376314168,,3.0
4,extraInfo,,,,,,,,,,,,,,,,,,,,,,,,,,,,,,
