,stimFile,n,instru_all_trials.started_mean,instru_all_trials.started_raw,instru_all_trials.started_std,instru_all_trials.stopped_raw,instru_trial.started_mean,instru_trial.started_raw,instru_trial.started_std,instru_trial.stopped_raw,resp_all_trials.keys_raw,resp_all_trials.rt_mean,resp_all_trials.rt_raw,resp_all_trials.rt_std,resp_all_trials.started_mean,resp_all_trials.started_raw,resp_all_trials.started_std,resp_all_trials.stopped_raw,slider_w_1.response_mean,slider_w_1.response_raw,slider_w_1.rt_mean,slider_w_1.rt_raw,slider_w_1.rt_std,slider_w_1.started_mean,slider_w_1.started_raw,slider_w_1.started_std,slider_w_1.stopped_raw,word_1.started_mean,word_1.started_raw,word_1.stopped_raw,order
0,stimuli_Aslin/pabiku_finalx2.wav,1.0,304.2569885253906,304.2569885253906,0.0,,308.340087890625,308.340087890625,0.0,,'pageup',2.0726680755615234,2.0726680755615234,0.0,304.2569885253906,304.2569885253906,0.0,,1.0035273368606705,1.0035273368606705,5.5787034034729,5.5787034034729,0.0,308.340087890625,308.340087890625,0.0,,306.84015147741667,306.84015147741667,,1.0
1,stimuli_Aslin/tibudo_finalx2.wav,1.0,311.9565734863281,311.9565734863281,0.0,,316.5729064941406,316.5729064941406,0.0,,'j',2.604820489883423,2.604820489883423,0.0,311.9565734863281,311.9565734863281,0.0,,1.1410934744268078,1.1410934744268078,5.511336326599121,5.511336326599121,0.0,316.5729064941406,316.5729064941406,0.0,,315.07303487633254,315.07303487633254,,2.0
2,stimuli_Aslin/pigola_final.wav,1.0,290.9244384765625,290.9244384765625,0.0,,298.65728759765625,298.65728759765625,0.0,,'space',5.733389377593994,5.733389377593994,0.0,290.9244384765625,290.9244384765625,0.0,,1.0,1,7.561732292175293,7.561732292175293,0.0,298.65728759765625,298.65728759765625,0.0,,297.15738467506236,297.15738467506236,,0.0
3,stimuli_Aslin/tudaro_final.wav,1.0,320.1227111816406,320.1227111816406,0.0,,324.0391540527344,324.0391540527344,0.0,,'u',1.9026333093643188,1.9026333093643188,0.0,320.1227111816406,320.1227111816406,0.0,,3.0141093474426808,3.0141093474426808,6.4119486808776855,6.4119486808776855,0.0,324.0391540527344,324.0391540527344,0.0,,322.53924119412915,322.53924119412915,,3.0
4,extraInfo,,,,,,,,,,,,,,,,,,,,,,,,,,,,,,
