,stimFile,n,instru_all_trials.started_mean,instru_all_trials.started_raw,instru_all_trials.started_std,instru_all_trials.stopped_raw,instru_trial.started_mean,instru_trial.started_raw,instru_trial.started_std,instru_trial.stopped_raw,resp_all_trials.keys_raw,resp_all_trials.rt_mean,resp_all_trials.rt_raw,resp_all_trials.rt_std,resp_all_trials.started_mean,resp_all_trials.started_raw,resp_all_trials.started_std,resp_all_trials.stopped_raw,slider_w_1.response_mean,slider_w_1.response_raw,slider_w_1.rt_mean,slider_w_1.rt_raw,slider_w_1.rt_std,slider_w_1.started_mean,slider_w_1.started_raw,slider_w_1.started_std,slider_w_1.stopped_raw,word_1.started_mean,word_1.started_raw,word_1.stopped_raw,order
0,stimuli_Aslin/pabiku_finalx2.wav,1.0,224.20423889160156,224.20423889160156,0.0,,229.3870849609375,229.3870849609375,0.0,,'return',3.175631284713745,3.175631284713745,0.0,224.20423889160156,224.20423889160156,0.0,,1.0070546737213406,1.0070546737213406,6.112698078155518,6.112698078155518,0.0,229.3870849609375,229.3870849609375,0.0,,227.8871781737236,227.8871781737236,,1.0
1,stimuli_Aslin/tibudo_finalx2.wav,1.0,237.91952514648438,237.91952514648438,0.0,,240.71920776367188,240.71920776367188,0.0,,'return',0.7876315712928772,0.7876315712928772,0.0,237.91952514648438,237.91952514648438,0.0,,3.9029982363315696,3.9029982363315696,4.311692714691162,4.311692714691162,0.0,240.71920776367188,240.71920776367188,0.0,,239.21936365384335,239.21936365384335,,3.0
2,stimuli_Aslin/pigola_final.wav,1.0,209.75576782226562,209.75576782226562,0.0,,217.63829040527344,217.63829040527344,0.0,,'return',5.880836009979248,5.880836009979248,0.0,209.75576782226562,209.75576782226562,0.0,,1.5149911816578483,1.5149911816578483,8.52740478515625,8.52740478515625,0.0,217.63829040527344,217.63829040527344,0.0,,216.13844453010387,216.13844453010387,,0.0
3,stimuli_Aslin/tudaro_final.wav,1.0,233.53662109375,233.53662109375,0.0,,236.88629150390625,236.88629150390625,0.0,,'return',1.3387813568115234,1.3387813568115234,0.0,233.53662109375,233.53662109375,0.0,,1.0,1,2.994499683380127,2.994499683380127,0.0,236.88629150390625,236.88629150390625,0.0,,235.38643908222838,235.38643908222838,,2.0
4,extraInfo,,,,,,,,,,,,,,,,,,,,,,,,,,,,,,
